scenario,saison,heure,bord,P_ac,Q_ac,Ppv,Ppv_max,Php,Php_min,Qpv,P_lin,Q_lin,pv0,pvmax,hp0,hpmin_n,invmax,invactive,vmin_lin,vmax_lin,line_idx,lineutil,vmin_ac,vmax_ac,line_ac,BP,BQ,BPmax,Butil
sans,Été,7,depart,8.538564636684896,3.7447152419717895,0.7088917483274629,0.7088917483274629,-0.33321567277945574,-0.33321567277945574,0.0,,,,,,,,,,,,,,,,,,,
sans,Été,7,gauche,8.199920772138285,3.57497611522831,0.7088917467521129,0.7088917483274629,-1.9660067265960894e-09,-0.33321567277945574,0.1634781832084714,8.210308802725525,3.585184585789211,0.0,41.0,41.0,0.0,0.3503507603134938,0.0,1.0,1.0271593917169526,22.0,0.3861969296728155,0.9831475292550462,1.0,38.631098031783054,,,,
sans,Été,7,bas,8.217825725721923,2.8618836718796956,0.6954768913275154,0.7088917483274629,-0.007600482760190523,-0.33321567277945574,0.8726948523629989,8.231324152835803,2.8748071406940605,0.0,38.0,35.0,0.0,0.4044355140525173,0.0,1.0,1.0485524985012122,22.0,0.3751893683600637,0.9842395497864194,1.0,37.50813338811447,,,,
sans,Été,7,droite,9.259274696050852,4.064495496498239,6.338351808049042e-09,0.7088917483274629,-0.3332156640453513,-0.33321567277945574,-0.30635322761304634,9.25241599646101,4.0578918094974785,41.0,0.0,0.0,41.0,0.2729672601110847,0.0,0.9774903119201273,1.0,24.0,0.43616519024336325,0.9805856550003412,1.0,43.73008598814446,,,,
sans,Été,7,haut,9.241715831896727,4.634804575185626,0.013819508178867913,0.7088917483274629,-0.326230084967056,-0.33321567277945574,-0.8726948511826297,9.231611062092606,4.625146409141469,35.0,0.0,0.0,27.0,0.3301081459269438,0.0,0.9614460175251092,1.0,24.0,0.4461842236197619,0.979762104143401,1.0,44.75261230224461,,,,
sans,Été,12,depart,7.738983448471117,3.7338160903318567,1.4615164191566261,1.4615164191566261,-0.29590225050797514,-0.29590225050797514,0.0,,,,,,,,,,,,,,,,,,,
sans,Été,12,gauche,7.438383790489752,3.575052472971038,1.4615164089331247,1.4615164191566261,-9.819657735587315e-09,-0.29590225050797514,0.15313770836942786,7.457684202902226,3.5941214527577765,0.0,41.0,41.0,0.0,0.6042306076761554,0.0,1.0,1.0489932426060296,24.0,0.3568159874738253,0.9842741991536234,1.0,35.63898698071408,,,,
sans,Été,12,bas,7.452895631791762,2.851913654820237,1.4504124770185671,1.4615164191566261,-0.00640472441418218,-0.29590225050797514,0.8726948527910732,7.475192801684581,2.8734829949036125,0.0,39.0,37.0,0.0,0.6133833752295399,0.0,1.0,1.068345400380831,22.0,0.34463940960212575,0.9852607993947653,1.0,34.403754631964915,,,,
sans,Été,12,droite,9.220735642753425,3.9481713128034244,4.1128536017872327e-10,1.4615164191566261,-0.29590224969807527,-0.29590225050797514,-0.19131660091478303,9.215102786418273,3.9426234705610392,41.0,0.0,0.0,41.0,0.28860902378016634,0.0,0.9812868224750103,1.0,21.0,0.4326085904239101,0.9807810664794465,1.0,43.36674738633478,,,,
sans,Été,12,haut,9.190603877417743,4.634223119942362,0.027751526510240324,1.4615164191566261,-0.28956931538338543,-0.29590225050797514,-0.8726948491259117,9.181018410419316,4.6250810425648226,40.0,0.0,0.0,34.0,0.3792609835451892,0.0,0.9624226235454308,1.0000093889763364,24.0,0.4447443636324859,0.9798129213852913,1.0,44.605527422745055,,,,
sans,Été,18,depart,9.208567457309982,3.754663392887778,0.03231683360565877,0.03231683360565877,-0.3178025871917065,-0.3178025871917065,0.0,,,,,,,,,,,,,,,,,,,
sans,Été,18,gauche,8.885753087808553,3.6593512909230412,0.032316833483777854,0.03231683360565877,-5.7215571495074595e-11,-0.3178025871917065,0.08974784672936913,8.886883714204645,3.660309938230789,0.0,41.0,41.0,0.0,0.30378059884473324,0.0,1.0,1.003900251851327,22.0,0.41441066460464504,0.9819445466189886,1.0,41.505798150142205,,,,
sans,Été,18,bas,8.890446403525857,2.8716723769648524,0.03129469820587981,0.03231683360565877,-0.007357951657763693,-0.3178025871917065,0.8726948498255942,8.895263623812376,2.8760006161466305,0.0,8.0,38.0,0.0,0.31246486767475223,0.0,1.0,1.0306769077735765,22.0,0.40288726679586123,0.9833147464545821,1.0,40.325885726248195,,,,
sans,Été,18,droite,9.242223687084334,3.7338697729137493,1.6492677562624956e-08,0.03231683360565877,-0.31780257491647435,-0.3178025871917065,0.02296376791424723,9.237002976434717,3.728274455504697,41.0,0.0,0.0,41.0,0.28965434011254104,0.0,0.9796606505505185,1.0,21.0,0.42974830339882214,0.9806968592354948,1.0,43.076837400314616,,,,
sans,Été,18,haut,9.240488929561252,4.634564417951879,0.0007248945793426392,0.03231683360565877,-0.3121223045779377,-0.3178025871917065,-0.8726948525320494,9.23059792581217,4.625119420286528,35.0,0.0,0.0,38.0,0.3122960636209467,0.0,0.9618494181613195,1.0,24.0,0.445589389484468,0.979783095785465,1.0,44.69184811539199,,,,
sans,Été,0,depart,9.049792389294453,3.7522583506415685,0.0,0.0,-0.12885553478643566,-0.12885553478643566,0.0,,,,,,,,,,,,,,,,,,,
sans,Été,0,gauche,8.918302306261467,3.5830654668916395,0.0,0.0,-2.2256953834773667e-10,-0.12885553478643566,0.1661109890345938,8.919200535561707,3.583896809091571,0.0,0.0,41.0,0.0,0.29701134717851047,0.0,0.9999996259639812,1.006061470025576,22.0,0.4144354426382993,0.9820558746566932,1.0,41.50868477933215,,,,
sans,Été,0,bas,8.918937889637164,2.872159471499799,0.0,0.0,-0.004120997031329789,-0.12885553478643566,0.8726948437265607,8.92332143245782,2.8760577569735943,0.0,0.0,15.0,0.0,0.3122498980398991,0.0,1.0,1.029826351804195,22.0,0.40424591127146736,0.9832706891124269,1.0,40.464126634774765,,,,
sans,Été,0,droite,9.050679352094448,3.81653116034704,0.0,0.0,-0.12885553333823382,-0.12885553478643566,-0.06336728740403418,9.048056118408223,3.814102495568227,0.0,0.0,0.0,41.0,0.28510832552087423,0.0,0.9916200681917987,1.0,21.0,0.42351730237389673,0.9813137838010311,1.0,42.4388703311124,,,,
sans,Été,0,haut,9.052528172054735,4.631646580400229,0.0,0.0,-0.12603870070966444,-0.12885553478643566,-0.8726948467954463,9.04523915141122,4.62478767801725,0.0,0.0,0.0,5.0,0.31224989862185615,0.0,0.9667982894279463,1.0,24.0,0.438298590078011,0.9800405192107521,1.0,43.94718790478181,,,,
sans,Hiver,7,depart,12.964227246891824,3.822733204924589,0.06347520573811719,0.06347520573811719,-4.04318086149333,-4.04318086149333,0.0,,,,,,,,,,,,,,,,,,,
sans,Hiver,7,gauche,8.854627934506425,3.719164347912738,0.06347520253833872,0.06347520573811719,-7.211223666994805e-10,-4.04318086149333,0.030100098862487962,8.8557253352743,3.7201245480336578,0.0,41.0,41.0,0.0,0.2865975100710673,0.0,0.9999372109240771,1.0022116845072153,22.0,0.41417074559239087,0.9817442651539785,1.0,41.48258677098931,,,,
sans,Hiver,7,bas,8.851883895418723,2.870901062718076,0.06237472192817055,0.06347520573811719,-0.0004733652946270093,-4.04318086149333,0.8726948511474891,8.857299193755852,2.8759207646351586,0.0,40.0,40.0,0.0,0.32362711033614266,0.0,1.0,1.0322763580605894,22.0,0.40156101121791593,0.9833978289682509,1.0,40.189807351521814,,,,
sans,Hiver,7,droite,13.028252728745429,3.7151334708050854,4.281139025788712e-07,0.06347520573811719,-4.043180612265412,-4.04318086149333,0.10783932437870392,12.962373746922102,3.6491555229277255,41.0,0.0,0.0,41.0,0.29852830298059985,0.0,0.9037154148247766,1.0,21.0,0.5809862913844364,0.9767042421844776,1.0,58.5272471469312,,,,
sans,Hiver,7,haut,12.499934305142233,4.681895811849245,0.020416766724042884,0.06347520573811719,-3.54525864413744,-4.04318086149333,-0.8726948461583992,12.444042414822025,4.63008326346734,12.0,1.0,3.0,35.0,0.3236080125333606,0.0,0.9000000009341026,1.0,21.0,0.5726591457568766,0.976557970611268,1.0,57.65293993060937,,,,
sans,Hiver,12,depart,10.270509723253781,3.7707045874276446,1.4623979643326783,1.4623979643326783,-2.7953488659344856,-2.7953488659344856,0.0,,,,,,,,,,,,,,,,,,,
sans,Hiver,12,gauche,7.438269597976614,3.700773880721499,1.4623979636527582,1.4623979643326783,-1.3908944249270482e-07,-2.7953488659344856,0.02890109177555028,7.456803059340064,3.7188349719925133,0.0,41.0,41.0,0.0,0.6237483383716529,0.0,1.0,1.0363689949702288,24.0,0.35943181074593367,0.9836304811586781,1.0,35.90533262756367,,,,
sans,Hiver,12,bas,7.483652716917277,2.851211794494702,1.4380636691838782,1.4623979643326783,-0.025367480378559574,-2.7953488659344856,0.8726948503256176,7.506504360746048,2.8734045605380367,0.0,40.0,40.0,0.0,0.6502205145629448,0.0,1.0,1.0702354146163917,22.0,0.3447724852675874,0.9853588297938751,1.0,34.41369530082104,,,,
sans,Hiver,12,droite,11.758703416347998,3.8573227748020145,1.5088642144503397e-09,1.4623979643326783,-2.795348864461118,-2.7953488659344856,-0.05764851863407526,11.714549338546824,3.813082590776913,41.0,0.0,0.0,41.0,0.25252707760841064,0.0,0.9214517586629724,1.0,21.0,0.531541820558791,0.9776523565830912,1.0,53.47059763649544,,,,
sans,Hiver,12,haut,11.723050562508433,4.676604118373689,0.005049883980528032,1.4623979643326783,-2.760981189290487,-2.7953488659344856,-0.8726948386355988,11.67513183988636,4.629344371275957,24.0,0.0,0.0,23.0,0.3166006704705355,0.0,0.9000016026693547,1.0,21.0,0.5417623545030459,0.9765511170952212,1.0,54.52679659710745,,,,
sans,Hiver,18,depart,12.32258486635692,3.809890778773479,0.0,0.0,-3.3498304576502247,-3.3498304576502247,0.0,,,,,,,,,,,,,,,,,,,
sans,Hiver,18,gauche,8.91894825351119,3.682878601176526,0.0,0.0,-3.610741835310028e-10,-3.3498304576502247,0.06710738303999328,8.919200539863423,3.6831142483124015,0.0,0.0,41.0,0.0,0.2676301280068386,0.0,0.9999996353746783,1.0023466011704059,22.0,0.41612433117894987,0.9818656625533364,1.0,41.682194419212905,,,,
sans,Hiver,18,bas,8.916952970350394,2.8721543569081405,0.0,0.0,-0.002141322042618505,-3.3498304576502247,0.8726948514891876,8.921341832553109,2.8760570198274555,0.0,0.0,39.0,0.0,0.3122498995114148,0.0,1.0,1.029831978340774,22.0,0.40420583198275,0.9832709768553086,1.0,40.46009264298789,,,,
sans,Hiver,18,droite,12.322009126935882,3.821086348550125,0.0,0.0,-3.3498304566699324,-3.3498304576502247,-0.012349351210705031,12.269030894488154,3.768247674245076,0.0,0.0,0.0,41.0,0.23934409980834304,0.0,0.9207414439756357,1.0,21.0,0.5536647359154206,0.977601022451685,1.0,55.72862737692331,,,,
sans,Hiver,18,haut,12.085372136269143,4.679119192373037,0.0,0.0,-3.114610371116923,-3.3498304576502247,-0.8726948528870134,12.033810885799447,4.6296942034401205,0.0,0.0,2.0,37.0,0.3122498997766025,0.0,0.900000000124755,1.0,21.0,0.5557660626100004,0.9765539605079682,1.0,55.943965524696125,,,,
sans,Hiver,0,depart,10.753609387538745,3.780149315057315,0.0,0.0,-1.8076909394116425,-1.8076909394116425,0.0,,,,,,,,,,,,,,,,,,,
sans,Hiver,0,gauche,8.918963113985228,3.6662244003737214,0.0,0.0,-7.1571396518409135e-09,-1.8076909394116425,0.0840620004845573,8.91920055939265,3.6662327973600632,0.0,0.0,41.0,0.0,0.2831608666000758,0.0,0.9987065118665456,1.0015892724511972,22.0,0.41583491865775835,0.9817065030204835,1.0,41.65355502520248,,,,
sans,Hiver,0,bas,8.959618191875052,2.872156795576302,0.0,0.0,-0.04480254671527758,-1.8076909394116425,0.8726947771314333,8.96400297186896,2.8760575857621227,0.0,0.0,12.0,0.0,0.31224988542122023,0.0,0.9999638645661927,1.0298298748842742,22.0,0.4042171597672807,0.9832708689496186,1.0,40.46123527198852,,,,
sans,Hiver,0,droite,10.75259978694885,3.5655732816576347,0.0,0.0,-1.80769093832565,-1.8076909394116425,0.21351371480137585,10.726891466596406,3.5396766688248635,0.0,0.0,0.0,41.0,0.2689785501201759,0.0,0.9566858980470434,1.0,21.0,0.48709331455955496,0.9794874768839359,1.0,48.920948903356695,,,,
sans,Hiver,0,haut,10.727094207923074,4.659621537787643,0.0,0.0,-1.7755519287230703,-1.8076909394116425,-0.8726948526672645,10.69475247677333,4.627732611191452,0.0,0.0,0.0,40.0,0.3122498997347753,0.0,0.9228487346334125,1.0,21.0,0.5039335975294028,0.9777480394240108,1.0,50.65766369944197,,,,
avec,Été,7,depart,6.3327888775056635,3.710733686405547,2.899407837511562,2.899407837511562,-0.33321567277945574,-0.33321567277945574,0.0,,,,,,,,,,,,,,,,2.190516089184099,0.0,2.190516089184099,
avec,Été,7,gauche,6.019502960076352,4.861894809699152,2.899407818417484,2.899407837511562,-1.934281213631011e-08,-0.33321567277945574,-1.124647642193227,6.001062926326041,4.8431024856584175,0.0,42.0,41.0,0.0,0.3958514228878584,0.0,0.9513379688948904,1.0101794038369027,75.0,0.3460127381996592,0.9836880824557674,1.0,35.0434227822318,2.190516088927328,-1.2499967332735928,2.190516089184099,0.2957986933630887
avec,Été,7,bas,9.236342405634787,1.1955699581494628,0.01760288994138105,2.899407837511562,-0.32558899471520636,-0.33321567277945574,2.5539545765027922,9.208456150784814,1.1609847216949718,41.0,0.0,0.0,40.0,0.34081216967002215,0.0,0.9990227968390635,1.0999999999972492,21.0,0.4010727096538511,0.9903728777512849,1.0,40.2867003827178,2.0589597876491066e-11,1.8318821283257027,2.190516089184099,0.21485037307523672
avec,Été,7,droite,9.254387932087411,3.2229757605828127,4.101034609587557e-11,2.899407837511562,-0.3332156727376362,-0.33321567277945574,0.5238463249709413,9.23368582385813,3.1966150225165593,42.0,0.0,0.0,41.0,0.27781370509120407,0.0,0.9048538343157307,1.0,24.0,0.4211407453097998,0.9846839838733902,1.0,42.295470638956665,1.9722954687508563e-12,0.7476520407851881,2.190516089184099,0.08768758503036156
avec,Été,7,haut,6.060673155981931,6.0254513928503,2.881064291480271,2.899407837511562,-0.00831131756176028,-0.33321567277945574,-2.270272396804199,6.027717101873354,5.99115758822078,0.0,41.0,40.0,0.0,0.4044357922785542,0.0,0.9000000000049301,1.000860847293631,24.0,0.36487786127119115,0.9811087051268897,1.0,36.759011209907534,2.1905160891464264,-1.3975775453585713,2.190516089184099,0.304748386878898
avec,Été,12,depart,3.285498242279573,3.7525073472352233,5.961797397670628,5.961797397670628,-0.29590225050797514,-0.29590225050797514,0.0,,,,,,,,,,,,,,,,4.500280978514001,0.0,4.500280978514001,
avec,Été,12,gauche,3.0638389415871643,6.586271806412697,5.9617973976370155,5.961797397670628,-2.455773436921701e-08,-0.29590225050797514,-2.7440300283862866,2.9386727880312917,6.4590833691335465,0.0,42.0,41.0,0.0,0.6063009896007051,0.0,0.9860640150506359,1.0980143627035746,75.0,0.709936024123849,0.9847607625929566,1.0,71.37504010346578,4.500280978513239,-2.543883451979079,4.500280978514001,0.6063009896007051
avec,Été,12,bas,9.182966394320829,1.2045899677705165,0.034522623004081,5.961797397670628,-0.2893833785031645,-0.29590225050797514,2.544498933268452,9.155330960462267,1.1704101093777342,41.0,0.0,0.0,40.0,0.41139307673918485,0.0,0.9991317185345896,1.0999999999979666,21.0,0.3995226131978794,0.9903853923447371,1.0,40.13071569996172,5.336661007253898e-11,1.8538801750058425,4.500280978514001,0.21743039089574692
avec,Été,12,droite,9.216266306913894,3.137486646979596,3.356932033069595e-11,5.961797397670628,-0.29590225039506207,-0.29590225050797514,0.6082870300081767,9.196372411681736,3.1119515214163473,42.0,0.0,0.0,41.0,0.26944085252692257,0.0,0.9072879750296587,1.0,24.0,0.41838208029703183,0.9848803477644972,1.0,42.01419965444751,3.5470049262521044e-12,0.718272244147176,4.500280978514001,0.08424180641232311
avec,Été,12,haut,4.811158181375504,7.394416948873186,4.499343674043678,5.961797397670628,-0.2709054456486559,-0.29590225050797514,-3.5350361005708963,4.6720319502245005,7.255109981248892,35.0,0.0,0.0,34.0,0.6126666587444541,0.0,0.9000000061602241,1.0179607644533664,75.0,0.6970619415056404,0.9803070276746945,1.0,70.44992368757384,4.3213907741865984,-2.6623412518290577,4.500280978514001,0.5952952444571007
avec,Été,18,depart,9.107447875969228,3.7487712657411976,0.13108761589034315,0.13108761589034315,-0.3178025871917065,-0.3178025871917065,0.0,,,,,,,,,,,,,,,,0.09877078228468437,0.0,0.09877078228468437,
avec,Été,18,gauche,8.782607694942271,3.33332349183911,0.13108757467963128,0.13108761589034315,-4.116194911082611e-08,-0.3178025871917065,0.4049957265208509,8.769382382332747,3.314815719206964,0.0,42.0,41.0,0.0,0.28690083850351517,0.0,0.9120366478818822,1.0000009503249783,24.0,0.40390164166468573,0.9851119292900646,1.0,40.53012330916365,0.09877078196717551,0.5819966503189109,0.09877078228468437,0.06923486960123831
avec,Été,18,bas,9.238542690698523,1.1993253218424798,0.0007122829081199376,0.13108761589034315,-0.31095439244320644,-0.3178025871917065,2.5500485671549553,9.210712335717572,1.1648789300798337,40.0,0.0,0.0,40.0,0.3122982037855719,0.0,0.9990678042984176,1.099999999809976,21.0,0.40043209029259297,0.9903778279236729,1.0,40.22246105741425,1.8074610930765746e-09,1.84414970826333,0.09877078228468437,0.21628916331483497
avec,Été,18,droite,9.238544817890215,2.9462260308864643,2.5323265639959934e-09,0.13108761589034315,-0.317802586044062,-0.3178025871917065,0.799495935179586,9.218271970156914,2.9201807620662095,42.0,0.0,0.0,41.0,0.285175720626592,0.0,0.9310567866474704,1.0,24.0,0.41660031802852665,0.9856041133165635,1.0,41.83629963145458,2.12953978314778e-11,0.9282887816793441,0.09877078228468437,0.10887337562905887
avec,Été,18,haut,8.794530247916555,3.913821600002848,0.1302865015263081,0.13108761589034315,-0.00783245809825158,-0.3178025871917065,-0.17197772457968152,8.778016113720975,3.8928034496931447,0.0,41.0,40.0,0.0,0.31246513371236523,0.0,0.900000000011597,1.0,24.0,0.4131516253526929,0.9841771738712888,1.0,41.477163193022406,0.09877078219899631,0.7007171241004739,0.09877078228468437,0.08299529428341287
avec,Été,0,depart,9.049765960768127,3.7495664850039248,0.0,0.0,-0.12885553478643566,-0.12885553478643566,0.0,,,,,,,,,,,,,,,,0.0,0.0,0.0,
avec,Été,0,gauche,8.91524874632887,2.9743204875794618,0.0,0.0,-6.282982900708643e-09,-0.12885553478643566,0.7665919149176537,8.900470144222837,2.9532478954616654,0.0,0.0,41.0,0.0,0.2888739062624615,0.0,0.9032741694014763,1.0,24.0,0.40392393025639545,0.9849118816749786,1.0,40.53934633869472,0.0,0.622876394898277,0.0,0.07305340433992137
avec,Été,0,bas,9.05094606550847,1.2436042308836477,0.0,0.0,-0.12614344461683227,-0.12885553478643566,2.502166275430713,9.026613608654618,1.2126073812861846,0.0,0.0,0.0,37.0,0.31224987348121613,0.0,0.999619388078359,1.0999999996715868,21.0,0.39259413092962486,0.9904518285509006,1.0,39.422864230011626,0.0,1.7868476872949013,0.0,0.20956855591730322
avec,Été,0,droite,9.047348868167319,2.9475164836976546,0.0,0.0,-0.1288555281772072,-0.12885553478643566,0.7952898082048832,9.029326280536974,2.923920165246326,0.0,0.0,0.0,41.0,0.23350359488011205,0.0,0.9416901199226748,1.0,24.0,0.4089141921005079,0.9861417457636668,1.0,41.05527695089934,0.0,0.940496824139148,0.0,0.11030518307804822
avec,Été,0,haut,8.922534574048768,3.8176353679536987,0.0,0.0,-0.0030344587439810567,-0.12885553478643566,-0.07287484302010239,8.903504713196442,3.7936978044656757,0.0,0.0,40.0,0.0,0.3122498995522614,0.0,0.9000000000067802,1.0,24.0,0.4167543921183024,0.9843027634901967,1.0,41.85198450132291,0.0,0.7998200077044353,0.0,0.09380605028632265
avec,Hiver,7,depart,12.251336627457931,3.791740359468349,0.7560656420057773,0.7560656420057773,-4.04318086149333,-4.04318086149333,0.0,,,,,,,,,,,,,,,,0.6925904362676601,0.0,0.6925904362676601,
avec,Hiver,7,gauche,8.146715045531892,3.282474951424774,0.7560656419925051,0.7560656420057773,-5.649737997710064e-09,-4.04318086149333,0.44197830665816196,8.144404534968531,3.2769473189477405,0.0,42.0,41.0,0.0,0.3008183673506282,0.0,0.9385172212699511,1.0006870745266137,24.0,0.3769101607630705,0.9853347076715988,1.0,37.76475394401093,0.6925904362673764,0.1414728874634137,0.6925904362676601,0.0829070690511331
avec,Hiver,7,bas,12.9581460336085,0.4544689716785797,0.0009744749033977027,0.7560656420057773,-3.9532049563169394,-4.04318086149333,3.3780118265695322,12.852700633306082,0.3403754616688954,41.0,0.0,0.0,40.0,0.31234128674212824,0.0,0.9543959176866108,1.0999999999192571,21.0,0.5585967632314813,0.9885103860587542,1.0,56.373380040028096,5.965883139117452e-10,2.5053170074817106,0.6925904362676601,0.29383347618612654
avec,Hiver,7,droite,13.031204031933157,2.422131972160969,7.73172317796616e-09,0.7560656420057773,-4.043180858925317,-4.04318086149333,1.3947738419807592,12.943650862501777,2.3289916489643865,42.0,0.0,0.0,41.0,0.24631955119892182,0.0,0.9227827329712055,1.0,21.0,0.5669134649627223,0.9839019633874656,1.0,57.19663418151555,5.47810536606849e-11,1.5650189578293054,0.6925904362676601,0.18355160616516544
avec,Hiver,7,haut,8.25862722806778,4.476282310628449,0.7549575078104721,0.7560656420057773,-0.10400003069487115,-4.04318086149333,-0.7438133203525038,8.24951288538129,4.464827359394003,0.0,41.0,40.0,0.0,0.32362716278226095,0.0,0.9000000001311875,1.0,24.0,0.3993105373708594,0.9833280367581589,1.0,40.04829129300062,0.6925904352984545,0.12888147710661668,0.6925904362676601,0.08262418719294175
avec,Hiver,12,depart,5.439598038639815,3.7642365426818287,6.3252927011747815,6.3252927011747815,-2.7953488659344856,-2.7953488659344856,0.0,,,,,,,,,,,,,,,,4.862894736842104,0.0,4.862894736842104,
avec,Hiver,12,gauche,2.74963963889968,7.379531798921562,6.308687789212324,6.3252927011747815,-2.0790939031126686e-10,-2.7953488659344856,-3.501054832988368,2.591782403138633,7.216846884977809,0.0,41.0,41.0,0.0,0.6502208487516807,0.0,0.968597109485302,1.0999999999991716,75.0,0.7594042043308044,0.9836440507944072,1.0,76.35279496602577,4.846289825067913,-2.6623412519480913,4.862894736842104,0.6485132877929133
avec,Hiver,12,bas,11.681638354330062,0.644374496173441,0.03225032697178657,6.3252927011747815,-2.736811862161026,-2.7953488659344856,3.157358288385389,11.605029240307392,0.5596587691605877,41.0,0.0,0.0,40.0,0.4001327543229743,0.0,0.9713672453921177,1.0999999999740764,21.0,0.5050240576928466,0.9893367551167295,1.0,50.89263320699351,2.8884550622052327e-10,2.2846634525735383,4.862894736842104,0.2679543555487483
avec,Hiver,12,droite,11.759874219773337,2.5146345820085116,1.769957901018181e-10,6.3252927011747815,-2.795348865784219,-2.7953488659344856,1.2766230405493602,11.695819022564029,2.4455597631756905,42.0,0.0,0.0,41.0,0.28159656614341355,0.0,0.9400224512745936,1.0,21.0,0.5149606188265645,0.984805422041291,1.0,51.88728543622304,2.1721796656113615e-12,1.5444957988268757,4.862894736842104,0.1811445689982138
avec,Hiver,12,haut,6.2975379404379055,7.4200434340200445,5.125675012808573,6.3252927011747815,-2.353363896186919,-2.7953488659344856,-3.535036094910812,6.128158983709425,7.256380778165977,25.0,5.0,5.0,26.0,0.6502207941240251,0.0,0.9000000179336306,1.0325846125131461,75.0,0.7614058762697051,0.9801648967897335,1.0,76.81472562319689,4.862894204851048,-2.6623412516939795,4.862894736842104,0.6502207941240251
avec,Hiver,18,depart,12.322557858740765,3.807221233923883,0.0,0.0,-3.3498304576502247,-3.3498304576502247,0.0,,,,,,,,,,,,,,,,0.0,0.0,0.0,
avec,Hiver,18,gauche,8.915696579624637,3.079988481923465,0.0,0.0,-3.1827372259501187e-08,-3.3498304576502247,0.6613814333528084,8.900470041546539,3.058604207594428,0.0,0.0,41.0,0.0,0.28884084243808594,0.0,0.9018124322106342,1.0,24.0,0.4054413209276728,0.9848067020784336,1.0,40.69443802977404,0.0,0.6351966366458393,0.0,0.07449837096463546
avec,Hiver,18,bas,12.223454689352366,0.5595827969891616,0.0,0.0,-3.2339477192222192,-3.3498304576502247,3.255407072362754,12.134417906400936,0.46221733911524465,0.0,0.0,0.0,40.0,0.31224989951429516,0.0,0.9638259127646596,1.0999999999901413,21.0,0.5287994139550535,0.9889706341014411,1.0,53.32362899674577,0.0,2.38271222206676,0.0,0.27945390258807673
avec,Hiver,18,droite,12.334086302402284,1.5998381606841576,0.0,0.0,-3.349830418597139,-3.3498304576502247,2.209971382952999,12.250300575003793,1.5098086339182448,0.0,0.0,0.0,41.0,0.2763843084505749,0.0,0.9537684800318456,1.048869918369501,21.0,0.5320176371394032,0.9872260651497409,1.0,53.661595570860655,0.0,2.1535262178629577,0.0,0.2525740625888654
avec,Hiver,18,haut,9.07259581539256,3.817637822632605,0.0,0.0,-0.1530876124836773,-3.3498304576502247,-0.07287489044898621,9.053557686781572,3.7936981290848166,0.0,0.0,40.0,0.0,0.3122498993878825,0.0,0.9000000000098135,1.0,24.0,0.41675436909943486,0.9843027633755304,1.0,41.8519824803993,0.0,0.799819958997368,0.0,0.09380604457376537
avec,Hiver,0,depart,10.753582678786188,3.7774690892874787,0.0,0.0,-1.8076909394116425,-1.8076909394116425,0.0,,,,,,,,,,,,,,,,0.0,0.0,0.0,
avec,Hiver,0,gauche,8.915528777844884,3.0114166349849256,0.0,0.0,-1.8621106318212557e-10,-1.8076909394116425,0.7295990952318322,8.900470149451163,2.990224602629718,0.0,0.0,41.0,0.0,0.25015493861689864,0.0,0.9060243306482617,1.0,24.0,0.4044484271466461,0.9849937036400715,1.0,40.59351379934307,0.0,0.6484989447498024,0.0,0.07605851821139657
avec,Hiver,0,bas,10.711707218328229,0.8522183925579156,0.0,0.0,-1.7546477812782,-1.8076909394116425,2.927606284241264,10.65511784978536,0.7885294387112305,0.0,0.0,0.0,40.0,0.31224989971149947,0.0,0.9844550600203963,1.0999999999971828,21.0,0.4629712563522258,0.9897936948177088,1.0,46.6023637205417,0.0,2.1692436074733945,0.0,0.2544174601357685
avec,Hiver,0,droite,10.759218322058587,1.9824991748037064,0.0,0.0,-1.807690936733069,-1.8076909394116425,1.7926177508840868,10.708161023567536,1.9261169395642979,0.0,0.0,0.0,41.0,0.29572512769595816,0.0,0.9689432923676529,1.0444108138445676,21.0,0.46875429717613337,0.9875989871551486,1.0,47.18798272543373,0.0,1.838116109606759,0.0,0.2155815190279532
avec,Hiver,0,haut,8.971492682874668,3.817636113573826,0.0,0.0,-0.051990205137955874,-1.8076909394116425,-0.07287488623956417,8.95246029104704,3.7936981319256,0.0,0.0,40.0,0.0,0.3122498997576636,0.0,0.9000000000029849,1.0,24.0,0.4167543708040986,0.9843027633978688,1.0,41.85198261457095,0.0,0.7998199660478829,0.0,0.0938060454006776
